Keyword Cluster,Primary Keyword,Intent,Primary Page,Supporting Pages,Current Status,Priority,Evidence,Notes
Master Commercial,skincare & cosmetic manufacturer in India,B2B service,/,/skincare-manufacturer-india|/private-label-cosmetics-manufacturer-india|/third-party-cosmetic-manufacturing-india,Strong,High,Live + Code Verified,Use homepage as umbrella hub not a product-detail page
Private Label,private label cosmetics manufacturer in India,B2B service,/private-label-cosmetics-manufacturer-india,/|/startup-cosmetic-brand-support|/request-quote,Strong,High,Live + Code Verified,Own brand-launch and packaging planning intent
Third Party,third party cosmetic manufacturing in India,B2B service,/third-party-cosmetic-manufacturing-india,/|/contract-cosmetic-manufacturer-india|/request-quote,Strong but overlapping,High,Verified in Code,Needs sharper differentiation from contract page
Contract Manufacturing,contract cosmetic manufacturer in India,B2B service,/contract-cosmetic-manufacturer-india,/third-party-cosmetic-manufacturing-india|/request-quote,Medium,High,Verified in Code,Clarify exact intent to avoid duplicate targeting
Skincare Hub,skincare manufacturer in India,B2B category,/skincare-manufacturer-india,/face-wash-manufacturer|/face-serum-manufacturer|/sunscreen-manufacturer|/moisturizer-manufacturer,Strong,High,Live + Code Verified,Use as category architecture page
Face Wash,face wash manufacturer in India,B2B product,/face-wash-manufacturer,/blog/face-wash-manufacturing-guide|/skincare-manufacturer-india,Strong,High,Live + Code Verified,Guide should support not compete
Face Serum,face serum manufacturer in India,B2B product,/face-serum-manufacturer,/blog/face-serum-manufacturing-guide|/skincare-manufacturer-india,Strong,High,Live + Code Verified,Own active-led serum manufacturing queries
Sunscreen,sunscreen manufacturer in India,B2B product,/sunscreen-manufacturer,/blog/sunscreen-manufacturing-guide|/skincare-manufacturer-india,Strong,High,Live + Code Verified,Add stronger packaging and quote-routing support
Moisturizer,moisturizer manufacturer in India,B2B product,/moisturizer-manufacturer,/blog/moisturizer-manufacturing-guide|/skincare-manufacturer-india,Good,Medium,Verified in Code,Needs continued support from blogs and packaging page
Hair Serum,hair serum manufacturer in India,B2B product,/hair-serum-manufacturer,/blog/hair-serum-manufacturing-guide|/haircare-manufacturer-india,Strong live / mismatch in shared data,High,Mismatch,Shared source language should match live scalp-growth focus
Haircare Hub,haircare manufacturer in India,B2B category,/haircare-manufacturer-india,/shampoo-manufacturer|/hair-serum-manufacturer|/hair-oil-manufacturer|/hair-mask-manufacturer,Good,Medium,Verified in Code,Keep as category hub not duplicate product page
Packaging,cosmetic packaging options,Commercial investigation,/packaging-options,/face-wash-manufacturer|/face-serum-manufacturer|/sunscreen-manufacturer|/request-quote,Good,Medium,Verified in Code,Needs stronger product-format keyword routing
Startup Launch,how to start a skincare brand in India,Informational-commercial,/blog/how-to-start-skincare-brand-india,/startup-cosmetic-brand-support|/private-label-cosmetics-manufacturer-india|/request-quote,Strong,Medium,Verified in Code,Good commercial bridge content
MOQ,MOQ in cosmetic manufacturing,Informational-commercial,/blog/moq-in-cosmetic-manufacturing,/startup-cosmetic-brand-support|/request-quote|/private-label-cosmetics-manufacturer-india,Strong,Medium,Verified in Code,Can better support quote intent
Quote,request cosmetic manufacturing quote,Transactional,/request-quote,/|/private-label-cosmetics-manufacturer-india|/third-party-cosmetic-manufacturing-india,Good,High,Live + Code Verified,Needs stronger consistent anchor support
