Keyword Cluster,Intent,Existing Page,Missing_or_Weak,Recommended Action,Priority,Evidence,Owner,Effort,Testing Method
Cosmetic manufacturing cost in India,Commercial investigation,/blog/cost-of-starting-cosmetic-brand-india,Weak commercial routing,Expand cost article and connect to quote and private-label pages,High,Verified in Code + Inferred Opportunity,Content + SEO,Medium,Check title/H2/internal links and quote-page referral flow
Low MOQ cosmetic manufacturer in India,Commercial investigation,/startup-cosmetic-brand-support,Weak exact-match ownership,Add dedicated section and stronger internal anchors from MOQ and startup blogs,High,Verified in Code + Inferred Opportunity,Content + SEO,Low,Search source for low MOQ phrase coverage
Private label skincare manufacturer for startups,B2B service,/private-label-cosmetics-manufacturer-india,Weak modifier coverage,Add startup-focused subsection and FAQs,High,Verified in Code + Inferred Opportunity,Content,Low,Review H2s and body copy placement
Custom skincare formulation manufacturer in India,B2B service,/custom-skincare-formulation,Moderate,Strengthen metadata and heading support around formulation development,Medium,Verified in Code,Content + SEO,Low,Compare title/H1/intro before and after
Cosmetic packaging for face wash serum sunscreen,Commercial investigation,/packaging-options,Weak product-format ownership,Add product-specific packaging sections and internal links from product pages,High,Verified in Code + Inferred Opportunity,Content,Medium,Validate new sections and anchors
Bulk cosmetic manufacturing India,B2B service,/third-party-cosmetic-manufacturing-india,Weak,Add section for distributors and larger batch buyers,Medium,Inferred Opportunity,Content,Low,Check section indexing and internal link support
Distributor cosmetic manufacturing,Commercial investigation,/blog/cosmetic-manufacturing-distributors-marketing-companies,Needs stronger commercial routing,Add clear links to third-party and contract pages,Medium,Verified in Code,Content,Low,Click-test internal links
Face serum manufacturer private label,Product-commercial,/face-serum-manufacturer,Partially covered,Strengthen subhead and FAQ phrasing around private label manufacturer modifiers,Medium,Verified in Code,Content,Low,Review target phrase in title/H2/FAQ
Third party face wash manufacturer,Product-commercial,/face-wash-manufacturer,Weak explicit ownership,Add phrase naturally in FAQ or grouping intro,Medium,Verified in Code + Inferred Opportunity,Content,Low,Review query phrase presence
Sunscreen manufacturer tube packaging,Product-commercial,/sunscreen-manufacturer,Weak exact query capture,Add packaging-specific FAQ and anchor from packaging page,Medium,Verified in Code + Inferred Opportunity,Content,Low,Check FAQ rendering and internal link
Request private label skincare quote,Transactional,/request-quote,Weak modifier coverage,Add copy block for product category and service model selection,Medium,Verified in Code + Inferred Opportunity,Content,Low,Review first 100 words on quote page
Cosmetic manufacturer in Mumbai,Local commercial,None,Missing but not urgent,Create only if genuine local differentiation exists,Medium,Inferred Opportunity,Strategy,High,Manual business proof review before creation
Cosmetic manufacturer in Bangalore,Local commercial,None,Missing but not urgent,Create only if genuine local differentiation exists,Medium,Inferred Opportunity,Strategy,High,Manual business proof review before creation
How long does cosmetic manufacturing take,AI-answer question,/manufacturing-process,Weak explicit answer ownership,Add direct answer block and FAQ,Medium,Inferred Opportunity,Content,Low,Check heading and snippet readability
What details are needed before requesting a quote,AI-answer question,/request-quote,Weak explicit answer ownership,Add concise checklist block near the top,Medium,Inferred Opportunity,Content,Low,Review snippet and CTA continuity
